21 Things I Want in a Lover   ;Alanis Morissette             ;Under Rug Swept               ;2002;Fast                        ;1;12
Narcissus                     ;Alanis Morissette             ;Under Rug Swept               ;2002;Very Good                   ;2;12
Hands Clean (unplugged)       ;Alanis Morissette             ;Under Rug Swept               ;2002;Very Good                   ;3;12
Hands Clean                   ;Alanis Morissette             ;Under Rug Swept               ;2002;Slow                        ;3;12
04 - Flinch                   ;Alanis Morissette             ;Under Rug Swept               ;2002;Slow                        ;4;12
So Unsexy (acoustic)          ;Alanis Morissette             ;Under Rug Swept               ;2002;Tranquil                    ;5;12
So Unsexy                     ;Alanis Morissette             ;Under Rug Swept               ;2002;Slow                        ;5;12
Precious Illusions            ;Alanis Morissette             ;Under Rug Swept               ;2002;Slow                        ;6;12
That Particular TIme          ;Alanis Morissette             ;Under Rug Swept               ;2002;Slow                        ;7;12
A Man                         ;Alanis Morissette             ;Under Rug Swept               ;2002;Slow                        ;8;12
You Owe Me Nothing            ;Alanis Morissette             ;Under Rug Swept               ;2002;Tranquil                    ;9;12
Surrendering                  ;Alanis Morissette             ;Under Rug Swept               ;2002;Slow                        ;10;12
Utopia                        ;Alanis Morissette             ;Under Rug Swept               ;2002;Slow                        ;11;12
